{"playerPos":{"x":-1.8471301794052125,"y":-4.188006401062012}}
